Sample Number,Label,Text
40000,3,Depression sucks! #depression
40001,3,Feeling worthless as always #depression
40002,3,Feeling worthless as always 
40003,3,My #Fibromyalgia has been really bad lately which is not good for my mental state. I feel very overwhelmed #anxiety #bipolar #depression
40004,3,Im think ima lay in bed all day and sulk. Life is hitting me to hard rn
40005,3,So when I try I fail... and when I don't try... I still fail... #confused and #lost
40006,3,Extreme sadness
40007,3,my life in one word is depressing
40008,3,Panic attacks are the worst. Feeling really sick and still shaking. I should be a sleep. #anxiety #depression
40009,3,Feel so grim + ugly atm
40010,3,Honestly depression is kicking my ass lately.. ðŸ˜”
40011,3,At my age all I see is gray. Is it gray because of my bad eyes or my perspective #depression  #healingjustice
40012,3,"After 3 idk why I start feeling so depress, sad and lonely."
40013,3,I sulk too much for my own good.
40014,3,A night where depression is winning... #depression #fml #help
40015,3,Going home is depressing
40016,3,We can't even grieve over one black body before another one pops up due to pig brutality
40017,3,It's a gloomy ass day
40018,3,@Fra93_bruno wow I'm just really sadden by that. Terrible
40019,3,My heads still in Ibiza but my body is sat at me desk at work #depressing
40020,3,@Ashleyavitia_ don't leave me #sad
40021,3,Depression sucks! 
40022,3,It's been a week of awful connectivity with @TMobile no service or only 4G is not what Im paying for. #unhappy #poorservice
40023,3,This the most depressing shit ever
40024,3,Sometimes The Worst Place You Can Be Is In Your Own Head.'\n\n#quotes #worstenemy #depression #thinktoomuch
40025,3,"@TMobileHelp my service is down in Cleveland, OH. What's going on? #unhappy"
40026,3,What a sad evening - clearing out all of Harvey's cage and belongings. Now so final. Goodbye my little man.... #depressing
40027,3,When you have 15 doe run the opposite side of you ðŸ™ #depression
40028,3,The moment of the day when you have to start to plaster a smile in your face. #depression
40029,3,I hate when it's gloomy outside because it always gets me in a depressing mood
40030,3,People stealing things from my work out quite the damper on my day so now I am going to wear pajamas all day
40031,3,@FlakeJay ring ring! #depression is here
40032,3,It's now September and we're still battling a situation that was said to be handled March of this year. @ATT this is unacceptable #unhappy
40033,3,"@xBFDR yeah I'm sure it will, it's just so depressing having to talk to my parents over the phone instead of talking to them downstairs"
40034,3,| At home sick... ðŸŽ¼The bluesðŸŽ¼ won't cure it so I need ideas ðŸŽ¸ðŸ˜­ | #sorethroat #sick #blues #music #fallweather #carletonuniversity #ottawa
40035,3,I wouldn't wish anxiety and depression even on the worst of people. It's not fun. #anxiety #depression
40036,3,sorry Main twitter im in depress
40037,3,"@Markgatiss I'm surrounded by those Trump voters. You're right, it is fucking terrifying. #redstate #despair"
40038,3,come to the funeral tomorrow at 12 to mourn the death of my gpa
40039,3,"@TNFryed Jesus, you just made think that of all the Vols v fl games I've seen. I've never seen a win. #depression"
40040,3,After spending Â£450 @Debenhams I was offered a Â£5 voucher. I asked if I could spend it at weekend? Was told 'no valid today only' #unhappy
40041,3,Thought I had a pretty solid GPA as a kin major and now that I look at the average for dpt programs I feel even more discouraged ðŸ˜ª
40042,3,depress ðŸ˜­
40043,3,"Lament a \nsaddened heart,\nso far &amp; \nyet so near,\nthe years so\ntough &amp; scarred,\nthis lonesome\nroad,\nstill feared! #depression \n\n#poetry #poem"
40044,3,Summer officially ends today. #sadness
40045,3,Well my evaluation came back and i am minimally effective. Student test scores on the PARCC sunk my eval. it's time for me to quit teaching
40046,3,"bad news fam, life is still hard and awful #depression #anxiety #atleastIhaveBuffy"
40047,3,"Oh, I should just 'get over' my #depression and 'be happy?' Don't you think I've tried that thousands of times already? You're not helping."
40048,3,Im really constipated. This is depressing
40049,3,When health insurance won't cover TMS but they let me know they cover ECT #mentalhealth #psychology #depression #TMS #ECT
40050,3,Somewhere between  #hope and #despair the day after #meetingmyabuserincourt \n#DVSurvivor
40051,3,@Christy_RTR @doge_e_fresh I'm despondent
40052,3,2 applications for my dbs and still waiting. Been over a year now. Going to loose my job ðŸ‘ðŸ¿ @GOVUK  #thanks #unhappy #crb
40053,3,I miss when social media was a place to get laughs off and jump in DMs lol..... shit is depressing now ðŸ˜ž
40054,3,@Hayles_101 The three R's depress me.
40055,3,Too many gloomy days
40056,3,The weather sure matches the mood in this state today.. #gloomy
40057,3,and again dirty and  self loathing attitude  mope talking
40058,3,Wearing all black tomorrow as I continue to mourn the lives of the most recent victims of police brutality. #blackout #WU
40059,3,Am I the only person who dislikes fall? #FirstDayofFall #leaves #thingsdie #depressing #cold #noflipflops ðŸ‘ŽðŸ¾ðŸ‘ŽðŸ½ðŸ‘ŽðŸ»ðŸ‚ðŸ
40060,3,My soul is weary of fighting the battles in this world. #BlackInAmerica #WeAreNotSafe
40061,3,"My prayers are with the family, friends &amp; members of @VCFD  as you mourn the loss of Engineer Ryan Osler. #LODD #RIP"
40062,3,Just wish I was appreciated for all I do! When is it my turn to be taken care of!! I want a break!! #tired 
40063,3,"@pureleine though lately with how bad my depression has been i feel like my body is like just, taking what little it can get"
40064,3,We have left #Maine. #sadness
40065,3,"so fucking sad when the person you love doesn't try fighting for your happiness, when you'd do anything for them."
40066,3,@jccrocker #CharlotteProtest do u #wait 4 the facts #video or do u #hate now ask questions later #sad #protest #PoliceShootings #suggestions
40067,3,It's interesting the photo of Mono Lisa is crying as well as the whole scene is very depressing #ELE6200
40068,3,The news is disheartening. Everything that is going on is a result of a lack of understanding and misinformation by the media. #sadness
40069,3,Never ever been this unhappy before in my life lmao
40070,3,@lebara - worst possible decision I could have made when arriving in the UK. Shocking service. Poor coverage. #unhappy
40071,3,Condolences to the  JC and the Georges family.. #sad
40072,3,No one wants to win the wild card because you have to play the Cubs on the road.  #sadness
40073,3,Groom gloom.
40074,3,I don't think I can go to work tomorrow since val has left #GBBO I need a day to mourn
40075,3,Good morning lovely people. Not gonna lie I've woken up feeling pretty glum.
40076,3,@6itmap I can't help but feel melancholic!
40077,3,@CTV_PowerPlay @lraitt Horrid disease! My maternal grandmother and each of her sisters suffered from this affliction. It's hard on all.
40078,3,If anybody needs me I'll be drowning my blues in a sea of whiskey ðŸ»
40079,3,@jeremycorbyn @magstogether my god is @jeremycorbyn a full shilling? Seriously you need a major rethink or no lab gove in your lifetime #sad
40080,3,in health we did a think about depression and now i feel like i have it
40081,3,@Gaychel22 @Kellee_II @seattlepi even hard facts don't seem to be sinking in... I despair ðŸ˜©
40082,3,So depressing that it's darker so much earlier now
40083,3,@KingJames @chrisbosh\n To good hearts I lost my job I'm Responsible 2 families My Information in profile even dollar if canâ€™t just Re-tweet
40084,3,Currently unfollowing anything relating to disneyworld or Florida! #holidayblues #depressing #wantogoback ðŸ˜­ðŸ’”
40085,3,It's just begun ladies and gents. The war on racism has begun. #sadness #Segregation continues.... smh ðŸ˜’
40086,3,Just wish I was appreciated for all I do! When is it my turn to be taken care of!! I want a break!! #tired #lost
40087,3,"So Mary Berry, Mel and Sue have gone with their principles, and @PaulHollywood  has gone with the fame and fortune. #GBBO  #depressing"
40088,3,@crimsonwulfe it's super sad!! Especially when you are talking to a real person and not a bot! Makes it feel real :(
40089,3,@ily_geuly call me now I'm laying in my bed moping like I intend to do for the next 2 months.
40090,3,Baaarissshhhhh + sad song =  prefect night â€” feeling alone
40091,3,im so gloomy today
40092,3,Honestly I've come to a place where I keep getting discouraged but just gotta tell myself to keep pushing through it.
40093,3,. @KotakBankLtd @udaykotak official got in touch. Issue not addressed. #unhappy #patheticservices
40094,3,Back in Cardiff after an amazing 10 days away ðŸ˜­ #depressing
40095,3,so lost i'm faded
40096,3,Sometimes The Worst Place You Can Be Is In Your Own Head.'\n\n #quotes #worstenemy  #thinktoomuch
40097,3,@British_Airways just came of BA6426 at @ortambo_int at least 6 passengers with broken bags. This was a new suitcase. #unhappy customer
40098,3,Tell me how I'm supposed to feel. #broken #hateful #guilty #love #sadness
40099,3,"tomorrow will be the last episode of despair arc, so much shit is gonna happen i'm not emotionally prepared..."
40100,3,@TheZantarin Then maybe we should keep our White mouths shut and let the people being targeted speak and mourn.
40101,3,@rockcock64 cum and despair
40102,3,Ill say it again. If I was a Black man Id be afraid to leave my house or have a moving violation.\n\n#TerranceCrutcher #truth #sad
40103,3,i is sad
40104,3,"Wanna pop some pills, sedate myself, and wake up tomorrow."
40105,3,Patti seems so sad. She stamped and ran behind the sofa. We will have to give her plenty of love and affection...more than usual. #sad
40106,3,"It feels like there are no houses out there for us. With the most basic requirements I have, there are literally no options. #discouraged"
40107,3,Don't wanna go to work but I want the money #sad
40108,3,Wow the #Denver housing market is #depressing no places to buy in my range ðŸ˜¢ #FML
40109,3,one ep of despair arc made me happy but and then i'm going back to future arc and i'm upset again.
40110,3,I have not nap for 3 days in a row I'm very unhappy rn
40111,3,@megalvz literally was gloomy for an hour
40112,3,"@MendipHillsAONB do we think the swallows and swifts have gone? Photo'd 3 nights ago, not seen since. #sad #Autumn"
40113,3,"Fucking gutted, disheartened &amp; so pissed off.Gone from 1 off the toughest most resolute defences to the worst &amp; most shambolic #SCFC #STOHUL"
40114,3,@TootingCommon stop!!! Don't make me laugh when I'm being sad.
40115,3,Condolences to the  JC and the Georges family.. 
40116,3,"@GoPro your UX online is appalling! No clear save button, not being able to use any generic TLD's #unhappy"
40117,3,Literally being here makes me depress tbh
40118,3,@wabermes The @RavalliRepublic had a good one but then the reporter quit. #sad
40119,3,"This room is rather dreary, but we endure what we must."
40120,3,where broken hearted lovers do cry away their gloom
40121,3,Another grim &amp; compelling news report by @Nawalf on the blockade of aid to the starving in #Yemen #BBC #dosomethingpoliticans
40122,3,@GCC_DiscGolf lost my xt nova around hole 8 or 9 #sadness
40123,3,@Uber_RSA when you click over and over again for a cupcake but there are no vehicles available... #sadness
40124,3,Nasty nasty chilly rain has put a damper on my afternoon cigar.  This is NOT a good thing. @cspanwj And FOUR #CongressCritters tomorrow?
40125,3,I got diagnosed with severe-extreme depression and I didn't know there was a difference between those two lol
40126,3,#haikuchallenge #haiku\n\nThe crisp autumn air\nMy freedom purchased through death\nNo one will mourn me
40127,3,Smokeys dad is sad :/
40128,3,"Americans as a whole are, for the most part, feeling borderline despair at the very least. Looking at a situation out of control."
40129,3,@ryyyshh story of my life. #lost
40130,3,When will the weeks full of Mondays end?? #disheartened
40131,3,@HannahFJames I'm distraught! ðŸ˜­ Candice and her pout can piss off
40132,3,@HutchinsonDave I don't know whether to despair or agitate for a cull.
40133,3,Can I just sulk in peace ðŸ˜‚
40134,3,It's sad when your man leaves work a little bit late and your worst fear is 'Oh no!! Did he get stopped by the police?!?! ' #sad #ourworld
40135,3,MY CAR IS DENTED FROM THE HAIL sad
40136,3,From My head to think it was better but obviously it's not #relapse #sadness #sickness #madness #misunderstanding
40137,3,@WilsonsWorld I was in high school and remember helping neighbors clean up back home in Greenville.  Pretty sobering stuff.  #sadness
40138,3,I have sleep cooties.\nI close my eyes and dream that I'm awake #weary #sleepissues #narcolepsy
40139,3,wow almost all the T-Mobile stores in San Diego are out of Note7 replacements #sadness I need to get mine replaced
40140,3,"I forgot my hair straightner home, I'm feeling lost without it... #lost #lostWithoutMyHairStraightener"
40141,3,And I won't even get started with Hillary and her fancy fundraisers! #depressing
40142,3,The underground at Waterloo is not a nice place to be at 8.30am on a Thursday #somanypeople #grim
40143,3,When will the weeks full of Mondays end?? 
40144,3,@Samkingftw ew omg that is so grim
40145,3,@thatsabingo grim really
40146,3,With loyal heart is concerned. #somber
40147,3,@knology has providing customers w/equipment that doesn't deliver speeds of internet services that they have been charging. #unhappy #scam
40148,3,@CNN yes. Too many cops. And too many ppl who should have lost their lives r still alive.
40149,3,"If you find me lost, will you stay as a passerby or will you get lost with me? #musings #melancholy"
40150,3,I'm getting use to not having a phone it's sad ..
40151,3,"I'm slugging vitamin D pills by the handful, like they were m&amp;ms. When will this eternal winter end?! #Melbourne #grim #overit"
40152,3,Sometimes the support network is causing the damage. \n\n #support #Damaged #alone #tired  #hurt #nojustice  #surivivor #NoMore
40153,3,@JUSTICESLUT420 sadly this sort of poster died by the 90s afaik
40154,3,@lucy_hyner @Soulboy2266 sadly not !! One less hour drinking time ðŸ˜¢ðŸ»
40155,3,I was in the dark room for 58 minutes and failed every time I tried developing a photo I'm so frustrated with myself :')
40156,3,Mixed emotions. #sadness #anxietymaybe #missingfriends #growingupsucks #lostfriends #wheresthetruefriends #complications
40157,3,"@Jay_2752 thank you, I shall mourn her"
40158,3,Making that yearly transition from excited and hopeful college returner to sick and exhausted pessimist. #college
40159,3,"@Gervaisoholic But this is no easy ride for a child cries: \n'Oh, find me...find me, nothing more, \nWe are on a sullen misty moor...'"
40160,3,"Had to give my 11yo AfAm son this advice today: 'be polite, no sudden movements, keep hands where they can see them'. #sadness"
40161,3,Man Southampton will wipe the floor with  west ham on Sunday. So disheartened
40162,3,@Fly_Norwegian quite simply the #worst #airline #worstairline I've ever used! #shocking #appauling #dire #dismal #beyondajoke #useless
40163,3,Hate knowing I have to get up at half 5 for gym in the morning it's so depressing
40164,3,@DeltaAssist Tried 2 get earlier flt 2day  @BWI Turnd away bcuz it was 2 late Then agent let other pas on #silvereliteleftbehind #unhappy
40165,3,Love all the ex United managers on Twitter who form our fanbase. Honestly I despair at times. Just back the fucking team eh #MUFC
40166,3,Can we go back 2 weeks and start again ?? This is seriously dreadful
40167,3,I'm honestly upset that they rewarded Nicole 500k. #depressing #paulwasrobbed #rewardhardwork #bitterjury #bb18
40168,3,I haven't watched my favorite youtubers in months and it's honestly made my depression so much worse
40169,3,"@midnight #EndTrumpweek please, it's #depressing me."
40170,3,@MHChat I think sadness is felt very strongly physically and mentally.  It feels like it takes over and it's hard to focus at work #MHChat
40171,3,@gagasklaine it's old sadly
40172,3,@TDYLN sadly not :(
40173,3,"#Terencecutcher #Tulsa the man onthe helicopter said he looks like a bad dude, that is the problem, when they see black they see bad, #sad"
40174,3,@KatHeartwell some don't see the difference between courting and appealing to a women vs deception &amp; pressure it's depressing
40175,3,It's way too hard not to get discouraged.
40176,3,as a very depressed and suicidal person seeing someone sing about their own depressing life yet having fun is very relatable and encouraging
40177,3,I've returned from the dead with a desire to clean the apartment and eat something that isn't garbage. #managing #depression
40178,3,@WestHamUtd poor service tonight to find season ticket holders in the seats we purchased online. Forced to move further away #unhappy
40179,3,Even a pencilâœ never #stayed  with me until it's #end âš« ðŸ˜ž
40180,3,so gutted i dropped one of my earrings down the sink at school
40181,3,Having holiday blues! #WantToGoBackToMinehead.
40182,3,I'd rather die alone then end up with somebody who can't be sober
40183,3,I don't think it's fully sunk in that Val is gone yet
40184,3,Hate being sober so I popped two
40185,3,"It's pretty clear I can't stand @HillaryClinton, no tolerance for habitual liars. Not a Trump fan either so what's a citizen to do? #despair"
40186,3,"@MoneyJay901 hard to tell in your pic. My mistake then. Either way, nothing I said initially was about race. U took it there. #sad #ignorant"
40187,3,"@X_KIMTAEHYUNG_X \nâ€” momentarily before it disappeared, only solemnity and anxiety lacing his features. \n\n'I ran out to get you before â€”"
40188,3,All the 'juniors' are now wearing purple at ollafest while I'm here fighting with my alarm about when I need to wake up for German #sadness
40189,3,The fact I haven't had to wear a bra for a week and knowing I'll have to start wearing one again after tomorrow is depressing ðŸ™„ðŸ™„
40190,3,Liam is too distant makes me mourn ðŸ˜ª
40191,3,It's now September and we're still battling a situation that was said to be handled March of this year. @ATT this is unacceptable 
40192,3,This weather got me fucked up. Like you either be sunny and hot or gloomy and cold. No in between.
40193,3,@ATTCares why do I have 2 wait 48 hours to call YOU back to cancel an order I JUST placed after already spending 2 hours on the phone?! #sad
40194,3,Life is too short so dont shoot it in with worries sadness and grief.
40195,3,Brb going to sulk in bed until Friday
40196,3,"@LVLMLeah Nooooooooooooooooooooo. We have stupid, dismal, lame winters where we maybe get some dangerous ice once."
40197,3,#RIPKara i could have seen her at a local mall or any school football games. im disheartened
40198,3,@RossKemp great programme tonight #sad #upsetting #extremeworld
40199,3,My friends tell me I'm pretty. Trigger tells my I'm ugly. I first was confused but then realised I'm both. Pretty ugly. #tru #sad #tumblr
40200,3,"But when my mom told me yesterday that it was looking grim and I started driving out there, I was told to turn around b/c she was too sick"
40201,3,Isn't the whole 'it's been hijacked' argument the same argument used to ban or discourage the display of the St George's Cross? Shame @LBC
40202,3,I don't want the pity of my instructors but I'd like some understanding. I'm truly trying despite ALL circumstances that make me discouraged
40203,3,@MHChat #mhchat Childhood experiences inform adult relationships. We have associative memories Not a question of ability to process #sadness
40204,3,"If Payet goes either in Jan or @ the seasons end, can't say I blame him. The boy must b so disheartened by what he's seeing at the mo."
40205,3,@laureeenwillam can't cope wi her sour face and tiny pout ðŸ˜¡ðŸ˜¡
40206,3,"There's many things I don't care about, and many things I do that I don't speak on because it's such a heaviness even when released..."
40207,3,@knology has providing customers w/equipment that doesn't deliver speeds of internet services that they have been charging.  #scam
40208,3,"@happyandbashful Flirt, simper, pout, repeat. Yuck."
40209,3,@el_tityboi bc it's a gloomy day Tony
40210,3,@rupindxr my heart actually sunk looooool I was so confused
40211,3,@jack_haug_lifty @eable It's Ms btw. we were lied to by Remain. dry your remainer tears; Just accept you #lost
40212,3,i cant stop. i finished - dejected. luckily no one is in the bathroom. so i go to a stall and wait until my pants are dry.
40213,3,I wonder what would happen if I were a father. #weary
40214,3,@AmyMek this is so absurd I could laugh right now (if I also didn't feel like crying for the future of our country). #despair #wakeupcall
40215,3,@MxJackMonroe I couldn't get on with it either. Bits started drooping that shouldn't droop. GP said mooncup alone to blame.
40216,3,@TaylaStJames it happens and Vegas isn't the only origin thats prevelant #sadly
40217,3,I'll just have to #eat my way to #sobriety. This'll be a hell of a journey back to #sober
40218,3,When you have 15 doe run the opposite side of you ðŸ™ 
40219,3,"@Theshadeshit91 \nOh, I'm sorry about it, do not be sad yourself there is nothing important in the world to grieve about it"
40220,3,"Because of 'failure of delivery on time', a customer has to pay 16K rupees more! - Not good @tiagotatamotors @TataMotors #unhappy"
40221,3,@everton_de_leon @sterushton Genuinely grim stuff. Over a century of history sold off by some porn baron twats for a minty new stadium. Urgh
40222,3,It's sad when your man leaves work a little bit late and your worst fear is 'Oh no!! Did he get stopped by the police?!?! '  #ourworld
40223,3,"@CCTakato at least in crystal every part of it is portrayed as being WRONG, the dark atmosphere, the fact that mamoru is brainwashed"
40224,3,"Way too cool to die young, way too young to die sober.. #tunechi"
40225,3,@RevTrevK @Wolfman93011 @Daraidernation @EROCKhd Take 2k out of it the numbers on madden are low and have dropped and people are unhappy
40226,3,I have no clue where my charger is... #lost
40227,3,@JohnRMoffitt This is the most grim piece of laughter I was stricken with all day.
40228,3,Some moving clips on youtube tonight of the vigil held at Tulsa Metropolitan Baptist church for #TerenceCruther #justice #anger #sadness
40229,3,"Having a nail half hanging off is absolutely fucking grim, even with my acrylic holding it on ðŸ˜·ðŸ˜·"
40230,3,Lost: Geelong football team. \nLast seen entering through the banner not sure where they've been since... #unhappy #playwithsomeheart
40231,3,@deshbhakthoon always unhappy and easily offended.
40232,3,What a sad day...1st day of Fall...I don't dislike Fall...I just LOVE Summer #FirstDayofFall #goodbyesummer #sadness #bathingsuitsforever
40233,3,@tgshepherdvan I'm not there yet. Hasn't sunk in yet. Rest up.
40234,3,Awareness of time is awareness of time lost. #awareness #time #lost
40235,3,@ImpugnValkyrie *I frown and cup your cheeks in my hands after you step aside.* Angela I care about you. And I don't know how else I can -
40236,3,Gonna be a loooooong year as a Browns fan. Longer than normal and that's #sad
40237,3,@TalesofanAlfa @David_Milloy \nI like your thinking...but sadly no - that's the shed ðŸ˜¢
40238,3,"When the sadness leaves you broken in your bed, I will hold you in the depths of your despair, and it's all in the name of love ðŸŽ¶"
40239,3,Theyve substituted the hood for a badge and gun.' Public opinion is indictment of Charlotte police. #dark #sadtimes #america #race
40240,3,@MCFCDenver doing the exact same minus the beer sadly
40241,3,i miss the guy who always make me sulk
40242,3,Let us not burden our remembrances with a heaviness that's gone.\n- William Shakespeare (1564-1616)\n#forge ahead.
40243,3,Cause fail or pass I refuse to be sober
40244,3,@eehbahmum WHY?! Did they want to make you plummet in to the depths of despair??
40245,3,@NewYorker @donlemon Trump presidency-a dark age for the USA and the world. He would most definitely take us to war. Short &amp; Long term pain
40246,3,So unbelievably discouraged with music as of late. Incredibly behind on Completing my album. Not digging this at all.
40247,3,Hennessey - dreadful. Mutch - is he even on the pitch? Fryers - out of his depth unfortunately. #CPFC
40248,3,if you're unhappy with someone just fucking tell them you're unhappy and leave. Don't go fuckin around with other people on the side
40249,3,"conflicting reports on mama #RitaMarley health,mannn and i woke up today feeling like mi ole self(rejoice!!)now dis #sadness"
40250,3,How can you blame the manager watching these players play? It's abysmal. Our team are dreadful. If Jose can't save us. No-one can.  #mufc
40251,3,The Sorrow is grim reminder of how bad I can be at video games and how I could get a bit too trigger happy at times. RIP #MGS3
40252,3,"Im kind of confused.  The one thing i do right now has a great future, but on the other hand so does the new thing . #lost #needhelp"
40253,3,@V_of_Europe @ckolacia MSM relentlessly saying DT can't win to: depress GOP turnout &amp; provide cover 4 stolen election!
40254,3,The voice is all about Miley and Alicia this year. No longer about the contestants. #sad @thevoice
40255,3,@chocorobos I have this one so I'm not so sad.. but wtf
40256,3,Right i may be an #sufc fan and the football maybe shit but marcos rojo for #mufc has had a shocking start he's just dreadful
40257,3,"I get discouraged because I try for 5 fucking years a contact with Lady Gaga but are thousands of tweets, how she would see my tweet? :("
40258,3,"@big_SL8 Show some respect, that's all...  If u havent go to war u cant say anything.. U havent lost friends and mates on war, so Ahut it!!"
40259,3,"Had to give up on The Blue Guitar, couldn't stand main character. Sort of skim-read to the end which got grim and unsettling . . . 1/2"
40260,3,First a coat. Now a pair of sunglasses. Next it'll be a limb. #lost
40261,3,Some of these people at this protest are just there for the adrenaline rush. #depressing
40262,3,whenever i pout i just want Adrian to appear and tell me to stop pouting or else
40263,3,And there is despair underneath each and every action \nEach and every attempt to pierce the armour of numbness ' -Mgla
40264,3,"Please bear with me, I'm not Twitter savvyðŸ˜ in real life I'm a Facebook person. Help me gain followers ðŸ¤“#blog #selfhelp #depression"
40265,3,she's always so insensitive whenever i grieve idgi
40266,3,@stevesingiser @POLITICO_Steve Put a damper on my mood.
40267,3,We lost
40268,3,@FantasyGuruSite I knew you were going to do that. I would definitely buy if I didn't live in Texas where you can't play DFS. ... so depress
40269,3,Romero is fucking dreadful like seriously my 11 month old is better than him.
40270,3,"One step forward, two steps backward, the link to RogerFedererShop doesnÂ´t work.ðŸ˜° I am losing hope about Roger Federer new Website #sadness"
40271,3,My friends tell me I'm pretty. Trigger tells my I'm ugly. I first was confused but then realised I'm both. Pretty ugly. #tru  #tumblr
40272,3,"From what I know of the man, I have to assume that @realDonaldTrump has had a heated argument with his own penis. #sad"
40273,3,@DoubleEph sadly his best days are behind him
40274,3,"@groovydadad @MHChat ðŸ™‚ty I often conflate the two depression + sadness, but they are very different. This q reminded me of that #mhchat"
40275,3,Don't let the behavior of others destroy ur inner peace.' -Dalai Lama @OWNTV #healing #depression #anxiety #intuition #meditation #book
40276,3,@AerLingus #business class #Los Angeles to Dublin #destroyed luggage #60 day customer response time #unhappy customer
40277,3,@JlKelly1 @FJ_Berry I've got #teampaella presents on their way for you and Fi but I don't think they'll arrive by Saturday sadly!! ;)
40278,3,"stg I been in pine bluff all morning and to piss me off even more, my damn shoes came in as a size 4!!!!!! I KNOW I SAID 6ðŸ™„ðŸ™„ðŸ™„ðŸ™„ FML"
40279,3,@Ashleyavitia_ don't leave me 
40280,3,"@PaulJonMilne too grim, too insanely, determined to hurt you from"
40281,3,"@comicfire The thing is, it's either I be unproductive and unhappy, or deal with some videos that do badly."
40282,3,@keyshamackie it's fucking dreadful for live footy matches
40283,3,"Eating an egg is grim, you are eating the material embodiment of a fart and an unborn chick"
40284,3,you never call me when your sober
40285,3,come on let's make em hate ðŸ˜˜make em pout they face ðŸ‘¿ðŸ˜©.
40286,3,@Jacqueline_69 haha! She did well today. I can't get beyond her pout annoying me I'm afraid.
40287,3,Hope was an instinct only the reasoning human mind could kill. An animal never knew despair.
40288,3,Patti seems so sad. She stamped and ran behind the sofa. We will have to give her plenty of love and affection...more than usual. 
40289,3,Dylon felt dejected. He has a dejected aunt!
40290,3,"Two blankets, a hoody, and still no Eternal Sunshine to mope to."
40291,3,Once I have sent a pitch to a brand I close all tabs relevant to them instantly. Thats the kind of detachment I create for myself. #serious
40292,3,Nature looks a lot greener on gloomy dayz
40293,3,@JamesWickham Congratulations!  My top home-owning tip: try not to look at your mortgage balance too often.  The slowness will depress you.
40294,3,The new lock sound is grim
40295,3,Nothings #Working-you're feeling your life's on The Edge_Could go either way #lost all reason for #Living-JesusChristHealsSavesASK #fatloss
40296,3,@khloe_speaks sad music
40297,3,Think Val might be going this week. I'll have to take the rest of the week off work to mourn. I'm sure they'll understand. #GBBO
40298,3,"3 weeks into the course and have had the kitchen sink thrown at me, I m still pulling knives and forks out of my ears"
40299,3,Gaaaaaaaad! Should have stayed in London!
40300,3,"@marksandspencer Where has your 50% grapefruit squash gone,not been able to get for weeks #unhappy"
40301,3,I mourn the creativity lost.
40302,3,"@Jinath_Hyder I can't have alcohol on it, sadly, but it only flares up under very specific circumstances so I just need to be more careful"
40303,3,Add Donte Moncrief to my dismal situation #blessed.
40304,3,Shoutout to the drunk man on the bus who pissed in a bottle and on the seats #grim
40305,3,U know u have too much on ur mind when u find yourself cleaning a stove and kitchen by yourself  at almost 3am...  #pensive
40306,3,@TxDMV @ArkansasBBB i filled out the report on #baitswitch by @Carvana lets go get them fines levied. #badbusiness #honoryourdeal #unhappy
40307,3,Itching something #serious RN haven't slept but considering taking like 6 Benadryl for a 20 min nap I am itching SO BADLY wow
40308,3,@TVsCarlKinsella They're such garbage. Obviously I like that they suck but it's still grim to watch.
40309,3,"For a team as big as Bayern and the they like to play football, their pitch is fucking dreadful. Certainly no Emirates pitch anyway."
40310,3,Angry shouting match between a #pessimist &amp; an #optimist:\n'You're a half empty-headed @%$!' \n'You're half full of @%$!'
40311,3,*Still waits for Yang. Guess she really needs her sleep or something. Kittens feeling kinda dejected right now.* #Offline
40312,3,"@OnesOwnGrief Just a shame his world was gloom from day one almost.Though it makes sense he'd have the whole part hydra,part s.h.i.e.l.d(c)"
40313,3,How do u grieve someone who legally wasn't a person yet?
40314,3,It's so gloomy outside. I wish it was as cold as it looked
40315,3,@British_Airways #lost #bag #stillwaiting go home in2days. DM'd you my info and have rung 9times a day. What more can I do? #wheresmybag
40316,3,"When you saw a t-shirt with the phrase 'My mind is a dangerous place to be' and you would like to buy, but in Italy don't sell it. #sadness"
40317,3,My nephew sees that i have a frown on my face and he tells me 'you're  beautiful '!ðŸ˜¢ðŸ’žðŸ˜©
40318,3,Trying to take what's lost and broken and make it right
40319,3,@LondonMidland #dobetter only two carriages on 14:49 Birmingham to Hereford no room to stand anymore Friday commute #unhappy
40320,3,It's become a verb. 'I'm gonna VillaseÃ±or all those old contacts I don't need anymore.' #sadness @melissavcomedy #waitingforexplanation
40321,3,@HillaryClinton @TheDemocrats It's ok 2 be disgusted or dishearten with presidential race but don't let that stop u from voting IT MATTERS
40322,3,5am blues while riding a cab home:\n- my belly is much bigger than the rest of my body\n- but i couldnt be preggy\n- how to lose it in a day
40323,3,Ill say it again. If I was a Black man Id be afraid to leave my house or have a moving violation.\n\n #TerranceCrutcher #truth 
40324,3,"@narcissusheiyan  maybe it'd have been different if I stayed for sixth form? But still, the oppressive architecture, uninteresting people"
40325,3,@WYSdaily I'm confident they will NEVER experience our successes of last 50yrs. Best they can hope for is to be another Bournemouth #sad
40326,3,"What's good is that we already hit rock bottom, even though I'm about two more seasons away from new depths of despair. #playoffs? #NJDevils"
40327,3,"Absolutely can not believe the generosity pouring out for us, but Id give everything I have for Nick to be healthy and happy. #lost"
40328,3,i got his bitch depress
40329,3,@Groupon_UK who do I contact about a shocking experience with Clear Sky Holidays booked through you guys?? #customerservicefail #dreadful
40330,3,"@cotsonika @NHL well, they should all be unhappy for the way they played.  Right @fmjacob ??"
40331,3,"@simslover163 I guess it must be really expensive... For me it's that the whole family stayed in Poland, so I really miss them..."
40332,3,Regret for the things we did can be tempered by time; it is regret for the things we did not do that is inconsolable.  Sydney J. Harris
40333,3,untypical kinda Friday #dull
40334,3,"My oldest cat pisses me off. She's always been weary of Kennen (senile kinda), but recently shes been sweet. Until she attacked and bit him."
40335,3,@WestermannNina xDD it's a song that can not be weary (?)
40336,3,Feels grim not having your nails done
40337,3,"How could such a crooked,stuck up,delusional,dim&amp; #dark hearted dud be surprised losing&amp;prob also ppl won't let their crimes drop! #nwo imo"
40338,3,That AK47 leave your spine with a frown
40339,3,a good shorty has so much to offer &amp; it's sad that some of you niggas don't even see it when she right in front of your face and too late
40340,3,@theJeremyVine Noel Edmonds reckons a cat he's talking to is stressed because of the uncertainty over #GBBO future!?!? #plot #lost
40341,3,One way ticket to the blues.
40342,3,@SWP_Roads   How dull.
40343,3,"@thehill George H. Establishment is unhappy Trump's campaign branded his son low-energy, but he could not have beaten the others either."
40344,3,Marcus Roho is dreadful
40345,3,"Im kind of confused.  The one thing i do right now has a great future, but on the other hand so does the new thing .  #needhelp"
40346,3,Finished writing my second book tonight. #somber #sad #youpromised #havemercy #author #writer #needpublisher #beingedited #workingonsidebook
40347,3,@ArcadianLuthier -- taking out his feelings on Kei unfairly. His lips form a frown as he tries to walk away.
40348,3,@DeltaAssist Tried 2 get earlier flt 2day  @BWI Turnd away bcuz it was 2 late Then agent let other pas on #silvereliteleftbehind 
40349,3,Thank God she warned me before I walked to that sink cause lord knows I would've been sick to my stomach and would've wanted to sue lbvfs
40350,3,So now... yeah. I'm home again.\nStill feeling mixed up inside &amp; kinda gloomy. But a little more optimistic that I'll figure this out.
40351,3,penny dreadful just cleaved off a fraction of my heart
40352,3,"@fitzstockcharts Gundlach calling for rounding top, doom and gloom, 15% down move"
40353,3,"Everything is far away because time is short, no rest for the weary."
40354,3,@chelseafc let them know it's the #blues
40355,3,We want to help you with your #depression. Give our office a call to learn how #TMS may be the treatment you've been waiting for!
40356,3,"@AliceGoodman17 i dunno, I'm getting less of the spacious lovely autumnal melancholy from our present apocalypse"
40357,3,Got paid to vacuum up rat poop. (-: never a dull day in the biology department ...
40358,3,"#Terencecutcher #Tulsa the man onthe helicopter said he looks like a bad dude, that is the problem, when they see black they see bad, "
40359,3,@pandaflo22 We are sadden by this because we always strive to bring the best service to our customer. We will always be here for you. CM
40360,3,Someone needs to tell Candice she'll be stuck with that shitty pout if the wind changes. #GBBO
40361,3,When health insurance won't cover TMS but they let me know they cover ECT #mentalhealth #psychology  #TMS #ECT
40362,3,@PurpleReplisol meden is frowning at you with her non existent face
40363,3,@realDonaldTrump negative campaign of doom and gloom don't win elections
40364,3,"if you have been on depression too u shouldn't be judging him and exposing him to everyone, but helping him"
40365,3,@mattwruff sadly there is constitutional RIGHT to have abortion. Yet there is constitutional RIGHT to life. Safety net protects those rights
40366,3,@HeyCaraJay I am inconsolable at this GIF in context
40367,3,"@StarklyDark 'Come here. Come on. Into my arms. I'm not going anywhere, Tony, I swear.' Steve told him, quiet and solemn."
40368,3,Lisa: Getting what you want all the time will ultimately leave you unfulfilled and joyless.
40369,3,@harowe this sad truth!
40370,3,@questlove when are people going to realize that these 'riots' are just perpetuating hate. Saying you're going to boycott a city!?! #lost
40371,3,Don't wanna go to work but I want the money 
40372,3,@ManUtd Rooney needs to come off! Absolutely dreadful! ðŸ™ˆðŸ™ˆðŸ™ˆ class goal from @carras16 @carras16 showing why he should be in the team!!
40373,3,Y'all tune into Snapchat for Beans funereal
40374,3,"At my funeral, when they close the casket, I want them to play, 'Call recording has completed.'' -@GlenEwing #lost #podcasting #talkshoe"
40375,3,@RyhenMessedUp goodbye despair
40376,3,Ffs dreadful defending
40377,3,@raylewis name change Uncle Remus Lewis #foh #theydontlikeyoueither #lost #unwoke
40378,3,"the waitress recognised me from last time i was in there moping, after my interview haha"
40379,3,What day is it #lost
40380,3,Has anyone noticed that @npr stories in recent days all paint positive accomplishments for Trump and challenges for Hillary? #surprised #sad
40381,3,"@ChibiReviews Post series depression can be quite bad, but it will get better, I bet someone will pick the novel soon in the west."
40382,3,@iTriborg â€” make him feel vigorous. 'Fine. You can kill me now.' Said Hestia with a display of only despair rather than her joyful â€”
40383,3,"236:416 While she was in her dull and sleeping hour,\nA crew of patches, rude mechanicals,\n#AMNDBots"
40384,3,"The 2nd step to beating #anxiety or #depression is realising that it's not about waiting for ...., Take action yourself now."
40385,3,@SimonSSSJ123 @EllieG10853 @Onision @Eugenia_Cooney he sure as hell helped me with my depression and still does
40386,3,@jccrocker #CharlotteProtest do u #wait 4 the facts #video or do u #hate now ask questions later  #protest #PoliceShootings #suggestions
40387,3,"@Nataliem55 sadly, war has often been the factor that jump starts US economic growth"
40388,3,@GrimsToyShow grim what the fuck going on with these dame fucking clowns takeing the gameing channel if I had a way to nj I would delete
40389,3,"Leeds surely to drop the prices for that cup tie, rather than the dismal attendance last night.."
40390,3,@greencapt there's something to note in the fact that the mask manufacturer produced her smiling and him frowning.
40391,3,The word happiness would lose its meaning if it were not balanced by sadness.
40392,3,@TouchPH  The solution is to punish the criminals. That's the only way to discourage crime. or the circle will continue.
40393,3,@KristenWACamera I really enjoyed both episodes. I had a bit of a gloomy day today but I feel a sense of inspiration from listening.
40394,3,"1Pet 4:7  But the end of all things is at hand: be ye therefore #sober, and #watch unto prayer"
40395,3,"@aidanparr haha!! No, sorry was it too grim even for you?! It disturbed me &amp; im starting to lose all trust in Twitter generally!!"
40396,3,"Literally had a guy (a some-would-say-successful guy) tell me 'this ship will sail' kay guy, first, you're working with a sub, last, it sunk"
40397,3,@RaveenElexiis I fought a racist girl and she stayed in GAVC so if you get kicked out I call BS
40398,3,How brave are the young individuals that have opened up to us about their #depression and #anxiety to help raise awareness!! @beyondblue
40399,3,Just rough situations all around for Schalke and Werder Bremen to start the campaign. Bremen dashed late with a new manager. Both with 0.
40400,3,"Don't blame yourself,' he spoke, as if she were in the room, kicking the chair beneath him.\n#amwriting #dark"
40401,3,"@ActualFlatticus @veggie64_leslie @mtracey Call me a pessimist, but I don't think therapy can fix whatever is wrong with Anthony Weiner."
40402,3,November #canola lost $5.50 to $464.20 per tonne.
40403,3,"@ticcikasie1 With a frown, she let's out a distraught 'Gardevoir' saying that she wishes she had a trainer"
40404,3,Brad Pitt being investigated for child abuse?! this all just got really #dark
40405,3,Bare videos online but does anyone get rehabilitated? Does anyone actually get help for their affliction? Or do we jut get twitter videos.
40406,3,Always do sober what you said you'd do drunk. That will teach you to keep your mouth shut. \nâ€• Ernest Hemingway #quote
40407,3,"[My teeth were sunk down into the vein of the poor woman who had 'accidentally' had a small problem with her engine, just outside of --"
40408,3,@lebara - worst possible decision I could have made when arriving in the UK. Shocking service. Poor coverage. 
40409,3,lost my 244 day snapchat streak i'm done
40410,3,@ReserveHinata tend to them he's going to get infections. \n\nHe's frowning and looking down as he does this. \nIt must hurt damn.]
40411,3,@EmotionalLimine you're sadly mistaken if you think I'd make a tweet for an isolated comment by a random twitter user.
40412,3,@ATTCares why do I have 2 wait 48 hours to call YOU back to cancel an order I JUST placed after already spending 2 hours on the phone?! 
40413,3,i stopped watching gotham cause they dropped off tabitha and barb's relationship and made her pine after the main
40414,3,"@_JuliaSteiner : I liked that she was not moping around in all of the episode. She had a moment of emotional weakness, felt sorry about -"
40415,3,@WYSdaily I'm confident they will NEVER experience our successes of last 50yrs. Best they can hope for is to be another Bournemouth 
40416,3,Never leave me alone with my credit card. Nope nope mope.
40417,3,@SandraTXAS @6bird4 @CajunKangaroo @justanavywife please. Or you could be clouded by your passion. Emotion leads you from the truth.
40418,3,The horrible puns for the day have been made. I shall return to my cage in a dark corner by myself while crying &amp; laughing hysterical now.
40419,3,"My house isnt always a mess but when it is, its when i have friends coming #mess #serious #twitter #problem #like #friends #filthy #home"
40420,3,â€œWe can easily #forgive a #child who is #afraid of the #dark; the real #tragedy of #life is when #men are #afraid of the #light.â€â€“Plato
40421,3,"@DxfyingGrxvity - that were rather forlorn, scanning the witches house before resting back on Elphie. 'The Grimmerie is gone.'"
40422,3,@FacMagnaAmerica  #CureForInsomnia And the left said WE were all doom &amp; gloom. The Trump Train is so much more fun!
40423,3,History repeating itself..GAA is our culture how dare anyone think it's ok to discourage any Irish person from attending any match or final
40424,3,Mayor visits downtrodden part o town in brave PR stunt. More at eleven.
40425,3,went to Pet Supplies Plus tonight but @neitzkeamara was not working I feel #lost and #confused
40426,3,@mik61scot @longshankseddie @ROSAZAMBONINI @YouTube I thought it was because she once sunk her teeth into something that's meant 2b sooked
40427,3,@VivYau is it all doom and gloom? I only want to hear lovely things about airbnb!
40428,3,"@ynnsanity Maybe that's why, we're asked to study hard and get a job that we like. That way it wouldn't be that dreadful."
40429,3,"@Cpt_SRogers_\n'Well it can go one of two ways. You either get over it and accept it, because it's not going to change, or you mope about --"
40430,3,@CarrieLynne2323 totally get it. When you've said no to donuts 13 times one week and lost 0.3 lbs you get discouraged! But it's not linear ðŸ˜˜
40431,3,You don't know how to love me when you're sober #sober #selenagomez #revival
40432,3,@SkyNews err I wasnt gloomy.  17.2 mio people were not gloomy only #remain were #Brexit
40433,3,"@coalese ðŸ˜‚ðŸ˜‚ðŸ˜‚. Sure half these stars get together,break up,have affairs,let porn vids slip out,fight,ect etc all to up there ratings. #sad ðŸ˜‚"
40434,3,Im so serious about putting words in my mouth bitch don't add ' the ' to my sentence if I didn't say that shit on bloods
40435,3,@theflabar It's a #foggy and #dark morning here - so #filter this time.  For #lighting purposes. :)
40436,3,What do you do?'\n'You are not worthy enough to know.' #what #serious
40437,3,"If a friend lost his/her phone, how long do they have to mourn their lost phones before you ask for their earpiece?"
40438,3,"@LucidBurrito Doesnt do it to anyone else, he literally pulled me into the office cause someone complained I spit in the sink yesterday"
40439,3,Why doesn't anybody I know watch penny dreadful? â˜¹ï¸ï¸
40440,3,Am a very old person I can't handle some stuff....lol I just left her there.... Get back to me when you're sober
40441,3,@BTS_twt people have so much negativity filled inside them but im always happy that in such a gloomy world someone like u exists Namjoon
40442,3,. @UNFCCC @uncclearn The problem is the time it has taken to do this means its going to be out of date already. #sadly
40443,3,"Trying to think positive, and not let this situation discourage me âœ¨âœ¨âœ¨âœ¨âœ¨âœ¨âœ¨âœ¨âœ¨âœ¨âœ¨âœ¨âœ¨âœ¨âœ¨âœ¨âœ¨âœ¨âœ¨âœ¨âœ¨âœ¨âœ¨âœ¨âœ¨âœ¨âœ¨âœ¨âœ¨âœ¨âœ¨âœ¨âœ¨âœ¨âœ¨âœ¨âœ¨âœ¨âœ¨âœ¨âœ¨âœ¨âœ¨âœ¨âœ¨âœ¨âœ¨âœ¨âœ¨âœ¨âœ¨âœ¨âœ¨âœ¨âœ¨âœ¨âœ¨âœ¨âœ¨âœ¨âœ¨âœ¨âœ¨âœ¨âœ¨âœ¨âœ¨âœ¨âœ¨âœ¨âœ¨âœ¨âœ¨"
40444,3,Candice on great british bake off with that pout does my head in ðŸ‘ŠðŸ»ðŸ™„
40445,3,@BBCSport too dull for the UK.
40446,3,@LazyBoiSam blues... blues? ðŸ¤”
40447,3,Sometimes I think the British political landscape is desolate and then I look over at the foaming wasteland of the US and think we're OK
40448,3,"@kikibug13 Don't look. You'll only be very, very unhappy. \n\n(NNGH. I got the email notif THANK YOU.)"
40449,3,Positive thoughts on these gloom cloudy days
40450,3,When you're on a train as its pitch black outside and you have no idea where you are... #travel #whereami #lost #adventure
40451,3,"@Ren102e906 Just do what you can, don't get discouraged, maybe some prayers for divine intervention to help you would help :)"
40452,3,"@Janet_Reid Wonderful post! Novelists shouldn't be discouraged by rejection, but they usually are because their work is so personal."
40453,3,Cheap pout my brodcast
40454,3,"So I tried to give her time to sober up, while waiting at the our friend's house. 2 hours later, gal wake up out her nap to vomit again."
40455,3,@alisontis otherwise you're committing a crime against your soul only sober ppl know what is good or bad for themselves
40456,3,@rickygervais my first time in Slough so checked out the new station floor #sad #LifeOnTheRoad
40457,3,"Niggas murking in each other. In murky water, I try to swim."
40458,3,@talkRobyn oh dear I have to watch this the woman with the pout did well
40459,3,As I lost my heart to you there in the dark.. Underneath the stars ðŸŽ§
40460,3,It's dark
40461,3,$FOGO max pessimism here and no bottom (yet).  Has a solid PE ratio for a restaurant.  Let's catch it at 8 level or 10 level if it comes.
40462,3,@ThatWhiteSoxFan @tbtrill not as sad as the White Sox playing record ;)
40463,3,@BeeTuppy We're sorry to hear about the issues and how this is making you feel. We don't like to hear our customers being unhappy :-( We
40464,3,and naoto nod she also like tha bands. but she also frown. 'Will the bands 'Papa Roach' be at concert...?'
40465,3,@delhi_lawyer @BhagwanUvach @ShivAroor sad . This is not film story. Who knows could be ploy to escalate tension. Unverified report no hype
40466,3,@Samkingftw nahh thats grim
40467,3,"It's my last week at CN! I'm gonna be sad to leave, but this will also be my first planned break since going into animation!"
40468,3,"@AdamAaronovich Well, there's no need to sulk. You can always request a song, you know."
40469,3,"@BonesARP 'That is a disappointment.'\n\nHe fakes a pout, then starts to chuckle."
40470,3,Shoutout to the drunk man on the bus who pissed in a bottle and on the seats 
40471,3,"LORD MAKE ME AN INSTRUMENT OF YOUR PEACE â€” Where there's hate, let me sow love â€” Where there's injury, pardon â€” Where there's despair, hope"
40472,3,"@VileBairn Turning then, the older woman looked at Sybil with a most somber expression. \n\nâ€œShe ran away from me. But I cannot blame her.â€"
40473,3,An hour played and @ASFCofficial have conceded less at West ham than @ManUtd have at northampton.  Let that sink in.
40474,3,some people leave toilets in fucking grim states
40475,3,@jeremycorbyn @magstogether my god is @jeremycorbyn a full shilling? Seriously you need a major rethink or no lab gove in your lifetime 
40476,3,NL's top bureaucrat is a director of a group formed to oppose NL's top megaproject. #nlpoli - never dull
40477,3,@jwonder81 @MacadamionNut well of course.Progress for the sake of progress must be discouraged. The problem is the substance of the rhetoric
40478,3,Already plotting next steps if I get cut off by the same minivan in tomorrow's drop-off line. #preschoolpolitics #momthings #serious
40479,3,The Sunderland time line is quite funny with all the doom &amp; gloom in facing us and the long trip to us midweek. #whatgoesaroundcomesaround
40480,3,"@Gsmsbooksrus @goodreads 'so shines a good deed in a weary world' Roald Dahl, Charlie and the Chocolate Factory"
40481,3,"Like keep grinding boy your life can change in one year, and even when it's dark out the sun is shining somewhere...'"
40482,3,"@EllenMellon_88 Got #mybrokenfoot running Great North Run, can't wait to run again in a few months time - be mostly dark then! #ukrunchat"
40483,3,Awareness of time is awareness of time lost. #awareness #time 
40484,3,the ending of how I met your mother is dreadful
40485,3,"@JoyceCarolOates \nBreath. You are trending despondent. Mrs Clinton will win. If you keep your gloves on, guard up, and punch like hell."
40486,3,@A_RockasThe U.S. has added years to the Syrian conflict by arming the 'rebel' army. You would think that Iraq had sunk in with Kerry.
40487,3,"When we are weak &amp; in despair, our Mighty God is near;He will give us strength &amp; joy &amp; hope, &amp; calm our inner fear, just have faith &amp; trust."
40488,3,Been working in Blanchardstown shopping centre for over 2 years now and I only figured out today where Marks &amp; Spencer's is #lost
40489,3,#vinb I'm alot more interested in hearing bout differences between parties political ideologies. Parties murky origins r irrefutable #vinb
40490,3,Higginbotham's flippant dismissal of any worries around Carrick's lack of pace is dismal. Against nimble midfielders Carrick will be exposed
40491,3,Flight 815 crashed on The Lost Island 2004 #lost @JoshuaJThurston
40492,3,@littlebakaa @AlcohoIPorn give me a smiling emoticon will ya? i dont like the idea of you frowning &gt;.&lt;
40493,3,"The man who is a pessimist before 48 knows too much; if he is an optimist after it, he knows too little.'\n-Mark Twain"
40494,3,@DaltonRapattoni sadly i have to go to bed now don't announce anything while i'm gone thank u i love you
40495,3,@MSNBC @fox @cnn @realDonaldTrump @HillaryClinton. Using fear to state his views. Not getting the facts before making a serious statement???
40496,3,Marcos rojo plays for man united !!  Just let that sink in !!!
40497,3,"Sometimes people leave you halfway through the wood. Do not let it grieve you, no one leaves for good. #youarenotalone #nooneisalone"
40498,3,i lost my wallet lol.... again....
40499,3,"What's a Kali's kitten? [She asked, a frown curling on her fair skinned forehead as he showed her the scar] A cat did - (@ScarredTiger)"
40500,3,@ksmitely @CitizenMeh I feel strongly that we need to work together to right this dreadful wrong.
40501,3,@raylewis name change Uncle Remus Lewis #foh #theydontlikeyoueither  #unwoke
40502,3,Sister: (Canadian player does something shady.) Jonathan Toews is frowning and he doesn't know why. #WorldCupOfHockey
40503,3,Candice's pout gets more preposterous by the week. This week it's gone a bit Jack Nicholson's Joker. #GBBO
40504,3,@MHChat #mhchat Childhood experiences inform adult relationships. We have associative memories Not a question of ability to process 
40505,3,@TehShockwave turn that grumpy frown upside-down\n\nYou did something next to impossible today
40506,3,I have serious problems with the expectation that private philanthropy should replace functional government services...this is dangerous
40507,3,@LidlUK Just bought a pack of two medallion beef steaks. Got home. Cooked them. One steak is 100% pork. I had one unhappy mother. ðŸ®ðŸ·
40508,3,"Hopefully next time we play a L1 team, 1 of the players scores, takes his shirt off &amp;jumps into away end purely to wind up the joyless cunts"
40509,3,Life's too short to be frowning for so long
40510,3,A Leopard never changes its spots! #lost
40511,3,In need of a serious nap rn
40512,3,"Sky news still pushing the Brexit gloom line, managing to ignore the fact it's simply not happening. 'But in the future.....'"
40513,3,@DrSRSheikh: And who asked you to gate crash with your dumb idiosyncrasies when sober people are analyzing a situation!\n@BanoBee @AK_Forty7
40514,3,"A pessimist is someone who, when opportunity knocks, complains about the noise."
40515,3,@lee_family5 @USAneedsTRUMP @HillaryClinton @realDonaldTrump You can't be serious. This man practices no religion. Only in church campaignin
40516,3,"@JohnWildy71 something, too confused to type an entire word ðŸ˜œ See, I can laugh again. My hour of sadness has almost passed"
40517,3,@jenhasonen it is supposed to be #dark and #gritty though
40518,3,"This pretentious dick in Night Gallery just fucking, used a towel to dry off his sink"
40519,3,"That's me for the evening, though! Way too lit to finish these off properly without causing some serious mischief."
40520,3,"Interview preparation, I hate talking about myself, one dull subject matter! #yawnoff"
40521,3,@duncantrussell does Remo Williams ever actually 'save' anyone or does he just sulk around killing random undesirables ?
40522,3,@JoaquinPutoAmo vas a ir al de the amaity affliction?
40523,3,@Fatumoriginal there's no sitcom better! If u can't laugh at Sheldon or Leonard then u are sober for real! No two ways about it
40524,3,â€œThe immense importance of football is sometimes scary. When you donâ€™t win you are responsible for so many unhappy people.â€ - Arsene Wenger
40525,3,"Kudos to TC for benching Bruce. He isn't helping the team, so he rides pine. We have games to win. Discussion over. #Mets"
40526,3,"People want me to go pine ridge, little wound or Oelrichs. Starting to think about transferring but I wanna stay at cloud. Decisions man."
40527,3,Cam cannot be serious with that IG post and that stupid ass font he uses. Would've been better to just say nothing.
40528,3,@VosachResrus ^'ll just #wobble carry you #sink
40529,3,No episode today! Whilst editing there was a power outage! We will rebuild...tomorrow #podcast #lost #editing #fail #tomorrow
40530,3,@10carley what a sulky pants!
40531,3,Seeing something that hurt so much in the past in front of me now and not a single sign of grieve. Magicalllll.  âœ¨
40532,3,"I'm done with your piano, blues playing, smooth talking ass. On to the nexttt"
40533,3,were sat in my sat room cloved watchin Manchester Unide @ManUtd v Norffampton do you fink but @WayneRooney is still goal fret at iced level
40534,3,"It is a solemn thing, and no small scandal in the Kingdom, to see Godâ€™s children starving while seated at the Fatherâ€™s table. -AW Tozer"
40535,3,Hey @AppleSupport - how do I find my play history on new #ios10 #appleMusic #music #lost
40536,3,Do not grow weary in doing good. The treadlines are better than deadlines.' @billclinton #CGI2016
40537,3,Fellaini has been playing ahead of this guy...just let that sink in
40538,3,@SatansLezzie @gehrig38 @joesmith12431 @ejamesl I think he was huffing that pine tar they use for bat gripping.
40539,3,Gonna be a loooooong year as a Browns fan. Longer than normal and that's 
40540,3,@RossKemp great programme tonight  #upsetting #extremeworld
40541,3,Just told me wife there was a chance it would be 2 Sydney teams in AFL grand final. Her response: 'there's two SYDNEY AFL teams?' #serious
40542,3,"@MoneyJay901 hard to tell in your pic. My mistake then. Either way, nothing I said initially was about race. U took it there.  #ignorant"
40543,3,Floofel.i wonder if your mother knows how dark your humor can be.Needs to realize how much of a butt Apple is. Pastels and cats.cutie pie.
40544,3,Damn gud #premiere #LethalWeapon...#funny and #serious
40545,3,"@sundersays made me laugh, that quote. In a sort of rueful way."
40546,3,"But When it come to a serious situation, I be glad I gave it deep thought ðŸ’¯"
40547,3,All this doom and gloom! We scored from open play again! And only conceded two this time. #progress they means a 1-1 draw on Saturday for me
40548,3,Contactless affliction kart are the needs must regarding the psychological moment!: xbeUJGB
40549,3,"@LBardugo Start w/ the 3 songs in Blue Neighborhood\n1) Wild\n2)Fools\n3)Talk Me down ðŸ˜­ðŸ˜­for #Wesper\nAlso,\n4)Too Good.  #serious kaz/inej feelz"
40550,3,"the grave of a beat, a bravehearted cave lover, cage lover, sage #lover who made #soup of you, twisted to spoony #melancholy, spikes, spices"
40551,3,"Like, 'loon attic'. Luckily it quickly sunk in that it was the wrong pronunciation, but I still couldn't stop saying it. It just stuck."
40552,3,"I'm onto you, @Sargon_of_Akkad, I know you secretly pine for a masculine order, objective morality, and disciplined transcendent pursuits."
40553,3,Some Erykah Badu to sedate me ðŸ’•
40554,3,"@MarGraham I am practically obsessed with it, the very thought of their departure makes me feel both melancholic and grateful.  Safe journey"
40555,3,Don't get discouraged when simple minds don't see your vision
40556,3,#ThankYouCGI - Do not grow weary in doing good. #CGI2016
40557,3,@jodikantor @nytimes only if YOU will pay for them and YOU will be responsible for them and their doings. #sober #real #blind
40558,3,I'm too sober time to get shit faced
40559,3,I don't want perfect. It's too boring and dull.
40560,3,@LacesUntied_ yea lol catchy you fret
40561,3,@TimewarpArcade @tenpencearcade Do you really have to pedal like a nutter to get anywhere? I remember it being more sedate.
40562,3,"AQW should've always stayed in the 08 art style, now it's just a competition to create more detailed art each time."
40563,3,"Pops are joyless, soulless toys which look nearly identical.  They are the perfect expression of consumerism.  'I enjoy this franchise'"
40564,3,"@DinoHyogi Hakyeon takes all the attention happily, perching on Wonshik's shoulder to sulk when Jaehwan accidentally caused a tiny explosion"
40565,3,@m_giacchino will this be aired on radio or filmed? Lots of fans over the pond too! #wales #lost
40566,3,there are #serious #chinks in #Indiaâ€™s #armour'\n#protein\n#malnutrition\n#feedingIndia\n#skillingIndia\n#cognitive #deficit\n@Abhijit_Iyer
40567,3,"From what I know of the man, I have to assume that @realDonaldTrump has had a heated argument with his own penis. "
40568,3,Standard Candice starting the show with a pout #startasyoumeantogoon #GBBO
40569,3,@shopgreenwich #ldf16 what shall we do this weekend?  #spraypainting in #greenwichmarket with @SNUB23 #core246 #lilylou #fret &amp; #benoakley
40570,3,"@MendipHillsAONB do we think the swallows and swifts have gone? Photo'd 3 nights ago, not seen since.  #Autumn"
40571,3,@patthemanager how could I work with @chancetherapper . ? #serious
40572,3,@marielleblaine8 @princesskeilani I told pine I didn't want it so I didn't have to have it
40573,3,Why is it that we rejoice at a birth and grieve at a funeral? It is because we are not the person involved. â€• Mark Twain
40574,3,Now they fret about scuffs. Iâ€™ll take scuffs (whichâ€¦come in) for a phone I can use wet handed or drop in a toilet any day.
40575,3,So @JeffProbst those of us born in 85 have no generation! Where is the gen-less tribe! Ha! #survivor #lost soles
40576,3,@MarianKeyes maybe he had constipation issues..? Not that I KNOW dates relieve such an affliction! No way jose!
40577,3,Regret for the things we did can be tempered by time; it is regret for the things we did not do that is inconsolable. - Sydney J. Harris
40578,3,Learning how to use twitter #lost
40579,3,"@TheRandomAnt @meg_m203 yeah, they figured that ornaments are way more wanted than spektar and desolate gear. Well they thought right."
40580,3,Corbyn loses and I walk up to a crying Corbyn supporter and whisper\n\n'Don't mourn. Organise'\n\nAnd laugh and laugh
40581,3,@Netflix_ME penny dreadful season 3?
40582,3,#Always #borrow #money from a #pessimist. He won't #expect it #back.
40583,3,"-- used as a pawn in this red woman's game] For now, try not to fret and act as if nothing is amiss. This is a royal -- @TheLadyOfGlenco"
40584,3,"@_noTORIEty lol senior year we would get early dismal for work study ,he was her boss and you know what happened next ðŸ™ƒ"
40585,3,In serious need of a nap
40586,3,@rihaBabyJ Aw no problem. I just felt like speaking because I felt the same before and I want you to overcome it and not be discouraged. :)
40587,3,@janhopis I found the first few episodes of Bojack incredibly funny. Then it got less funny but I stayed for the #drama
40588,3,"I don't know why everyone is pretending to be sad about angelina and brad, everyone knows his dumb ass should've stayed with jennifer."
40589,3,@IMKristenBell @lauralittlelegs pine nut.... Chestnut....peanut....wait... Wrong film
40590,3,"Never switched up, stayed down this the same person since day one."
40591,3,Do not grow weary of doing good' a lasting legacy @billclinton @ClintonGlobal #CGI2016 #thankfulmoment @ProjectThankful
40592,3,And with rich Fumes his sullen sences cheer'd.
40593,3,I told my chiropractor 'I'm here for a good time not a long time' when he questioned my habits and yet again I have unnerved a doctor
40594,3,"@Courteoussoul @MattyMcDee I'm at 349 and just decoded 20 or more blues and not one was over 340, where you getting your blues?"
40595,3,First weekend of fall; let's see if I can stay disciplined to this seasons goals. #fitness #running #sober #Mindset #firstfriday #family
40596,3,Some #people already talks about #Halloween \nYou'll get some #dark #music to go with it\n#gothic #bloody #HalloweenHorrorNights
40597,3,"@KhoroshiySoldat --prepared.\n\n'Not as far as I know.' was her dull reply. 'There are still survivors, members from it. Like I said,-/"
40598,3,@BookOfKaells @quennell3_ no blues?!
40599,3,"In the name of our Lord &amp; Saviour Harambe we pray, bless all apes across the world.\n\nHear our solemn oaths and pardon sympathetic hominids."
40600,3,"@msfang they say you attract what you see, maybe I shouldn't be a pessimist but I don't wanna take any chances lol can't wait to relocate"
40601,3,Bro Why pine green forget me nots are mediumpurple pickering is not lit and so on
40602,3,@JonathanHatfull Iâ€™ll look forward to it. Hoping for lots of stetson-tilting and rueful looks into whiskey glasses.
40603,3,thereâ€™s shaytan in this room wallahi its been dark all the time now the lamp is on!! omg shaytan
40604,3,"@UltimateBoxer My heart because you left me for so long again\n\n*slight pout but it turned to a smile*\n\nheheh just kidding, no I'm fine-"
40605,3,@Bietron ðŸ¤“ dont be sad.. btw good night davina..go sleep larh..
40606,3,Refuge Recovery Boston - Weds 7:30-9 pm. #healing #support #addiction #recovery #buddhism #meditation #sober #cambma #meeting #harvardsq
40607,3,More #checking at #work today\n\n#coffee #drank and now it's #down to some #serious #business \n\n#Thursday bring on #Friday
40608,3,Somehow 90% of the sausage in this pasta I made sunk to the bottom so I'm eating sausage with a tiny bit of leftover pasta
40609,3,"@holly_lolly7 I just have serious respect for any man that can pull off a bun better than I can, like maybe they can teach me their ways."
40610,3,"Transparency and openness ' is a dull sell for a fans group - want more verbs like buying, defending, building and securing."
40611,3,Has anyone noticed that @npr stories in recent days all paint positive accomplishments for Trump and challenges for Hillary? #surprised 
40612,3,No quite sure how Craig Gordon's stayed on the park there !!
40613,3,@courtneymee I'm 3 days sober don't wanna ruin it
40614,3,I wanna see you smile I don't wanna see you make a frown
40615,3,@KurakkuSora he is.\nSure his mind was clouded but...]
40616,3,Snores on TL. Boredom sunk in.
40617,3,Season 3 of penny dreadful is on Netflix...well my afternoon is filled
40618,3,Do not grow weary in doing good.'\n\n-@billclinton
40619,3,@SheilaCustis We don't expect women to be violent &amp; discourage it. It's really about how we're raising our boys.
40620,3,"LOL! @TheFrankJLopes was just awarded the â€œFâ€ bomb trophy on #AutoDealerLive, @RealMatKoenig :) #serious"
40621,3,Jay Z and Brad Pitt cheated ..Bey stayed Angie left #cheaters #love #lust #sex #couples #relationships #date #marriage #divorce
40622,3,"Carry on my wayward son, there'll be peace when you are done. Lay your weary head to rest. Don't you cry no more. #Supernatural"
40623,3,@Vixen85Webster yep &amp; I stayed in pjs all day too lol x
40624,3,For those of you who I have footage of but didnâ€™t make it into this mixâ€”donâ€™t get discouraged! I ran out of room on the beat this week.
40625,3,@superbatlane it's true also that he doesn't escape until almost all the car sunk
40626,3,ordered my vacation bathing suits. one less thing to fret about.
40627,3,@cardiff_blues @CardiffBluesSC Italy another round lets not drop our play and take it to them with a big result out there guys #blues
40628,3,"@GriffinLaneP @Mediaite The Left has been protected so long, they've lost their reasoning power."
40629,3,New job training= too much meat eating! Oh well. Also- got approved to drive for Lyft! Just need a car... #day35 #sober
40630,3,If you sober better roll another Dutch or if u don't smoke nigga better pour another cup ðŸðŸ¾...
40631,3,Just put the winter duvet on â˜ƒï¸â„ï¸ðŸŒ¬â˜”ï¸ #serious
40632,3,"@TetraVariations I don't need a mask, but I'll gladly make a donation to help in ur name! Is it Mr. TY Rex or first initial only? #serious"
40633,3,#sober life
40634,3,need to sta dating again.I m bored #redheadteen #boldandbeautiful #lost #500aday single men dating Schkeuditz
40635,3,@_Mrs_Peel @lp_lisa @PaulRGoulden @LisaLuscious Might be the pout of a star baker tho !
40636,3,Had a dream last night that Chris Brown created a diss track about Drake and Rihanna called 'I Hit It First' ðŸ˜³ðŸ˜³ #dark
40637,3,I got a short fuse when im sober.
40638,3,Already plotting next steps if I get cut off by the same minivan in tomorrow's drop-off line. #preschoolpolitics #momthings 
40639,3,Never let me see you frown
40640,3,@xxnogard_G88 Welcome to the  dark honey !
40641,3,@WriterlyTweets Supine on the pianoâ€”lips parted. #sixwordstory #amwriting #blues #singer
40642,3,7 pax enjoyed the #gloom @Clayorangecrush @F3LakeMurray
40643,3,Kinda wanna just book a vacation and go...anyone wanna tag along? #adventure #serious
40644,3,"@Cigna bows out for the moment. Rather than sulk, I'm going to @UCSF for an opinion from the guys studying #Oligodendroglioma. âœŒï¸&amp; â¤ï¸ &amp; ðŸ©'s"
40645,3,I need a syfy series to watch I literally have nothing to watch back to back. I already watched #heroes #lost #jericho #fallenskies  etc etc
40646,3,@wabermes The @RavalliRepublic had a good one but then the reporter quit. 
40647,3,@jaymohr37 droop saw naked wrestling and asked 'What if I get a hole in one?' #jaymohrsports
40648,3,@TheCatHeSay I may be #alwayshungry but I haven't sunk that low yet!! @Thereluctantcat
40649,3,"Blessed are those who mourn, for they will be comforted \n                                              Mt 5:4"
40650,3,@kelly_welles they were brilliant weren't they? Made me feel v dull not having one. And why no tattoo emoji! This'll have to do... âš“ï¸ x
40651,3,"When tears r inappropriate: 'This day is holy to our Lord. Do not grieve, for the joy of the LORD is your strength.' Nehemiah 8:10 NIV #joy"
40652,3,@DefiantSagacity â€” Hermione in a sort of thank you before sliding his own plate away from him before frowning at Ron as he continued to â€”
40653,3,Let's get drunk and tell each other things we're afraid to say when we're sober.
40654,3,@chelseafc let them know it's the 
40655,3,"@FatedDancer ~together.' Hermione  lowered her voice slightly, sounding somewhat  bitter, perhaps even  rueful. 'That would only get you~"
40656,3,Band members wanted. Contact me #NewcastleGateshead #Sunderland #musicians #musicbusiness #musicislife #music #musically #band #blues #folk
40657,3,Been working in Blanchardstown shopping centre for over 2 years now and I only figured out today where Marks &amp; Spencer's is 
40658,3,"#AskAMan but this does not sound like a #serious issue, cause siyahleka the whole time, just having fun"
40659,3,"@cherrivarisco @audubonsociety Oh yes, males are colourful and the Females are dull, so that they can blend in to their environment."
40660,3,My name is John Locke and you can't tell me what I can and can't do #lost #ã‚¢ãƒ‹ãƒ¡
40661,3,ya boy gets mad tired of pine trees
40662,3,i wonder how a guy can broke his penis while having sex? #serious
40663,3,"@NianticLabs .... For example, catching a gloom would yield 6 oddish candies and catching a vileplume would yield 9."
40664,3,@markoheight @Cassie_OB we sound like vampires saying we wanna sink our teeth into the TT lads and their talents ðŸ˜‚ðŸ˜‚ðŸ˜‚ðŸ˜‚ðŸ˜‚ðŸ˜‚
40665,3,i love the word fret so much and im in heaven
40666,3,"Marcos Rojo Marcos Rojo running down the wing. Loved by the blues, feared by the reds"
40667,3,Are you serious??
40668,3,@rickygervais my first time in Slough so checked out the new station floor  #LifeOnTheRoad
40669,3,@BillSwindell @DePauwU @dick_nixon I was having breakfast when I seen this?! I blew my cereal in the #sink!!
40670,3,#PeopleLikeMeBecause of some unknown reason but I try to discourage it
40671,3,Bill Clinton: 'Do not grow weary of doing good.' @ClintonGlobal #CGI2016
40672,3,.@billradkeradio is not a fan of The Beat Happening. But that's not to discourage aspiring other Olympia musicians! #KUOWrecord
40673,3,@Piggiewhopays lmao! I can only imagine the frown across that face of yours. #Hilarity
40674,3,@TweeriaLee A stumbling block to the pessimist is a stepping stone to the optimist.
40675,3,"@beIIrkes Es, I'm serious 23/8"
40676,3,Do not be discouraged by a slowing sales market. This will test your business model and pinpoint #strengths and #weaknesses.' @Ken_Dunn
40677,3,When you get lost in a neighborhood and have to use the gps on your phone to find your way out. #lost #GoogleMaps #blondmoment
40678,3,@emorottie true sonicsatam was serious and a bit dark. Aosth is like super goofy and Looney toonie to a degree
40679,3,TGIF! Hope everyone that needs to find #recovery can and that our friends stay #sober this weekend! @REBOSTreatment @BlvdCenters
40680,3,@pxrfectpeach it's got her little pout
40681,3,"@darryella it doesn't chip and it doesn't get dull. Nails gone be looking perfect the whole time, except they gone be grown out ðŸ˜‚"
40682,3,it didn't impress me but it didn't depress me'
40683,3,"â€œDo not fret if you are not cool! Humans who follow me, become instantly cool!â€ #Bot"
40684,3,The #pessimist complains about the wind; the #optimist expects it to change; the realist adjusts the sails.' - William Arthur Ward\n#IGNITE
40685,3,"@littlemore20 I had a nice Italian ice-cream whilst resting my tired paws. Honey flavoured, naturally! #FurryTails #lost #Venice."
40686,3,I added Paul Walker on Xbox but he just spends all of his time on the dashboard. #dark #humor #funny
40687,3,How much time should I give to my friend who lost his laptop to mourn before I can ask him to give me his laptop charger and extra battery??
40688,3,i can't take u #serious unless u use #emojis
40689,3,"Back to forest drama -\nfrom my #Forest #music - series, 2016\n#nature #dark #art #photography #Finland"
40690,3,"@makai_kishi_ Her eyes stayed glued to the monitor, not turning away for anything"
40691,3,"â€œOptimism may sometimes be delusional, but pessimism is always delusional.â€ â€”Alan Cohen #believe"
40692,3,"God's love spring.Of one dat sunk his whole estate for d paltry bribe,of a single appleâ€“n yet proud of our ancestry?â¤ï¸ðŸ—¿"
40693,3,That house on #GrandDesigns isn't in a forest it's in a wibbly wobbly pine plantation
40694,3,Beats is accurately all-powerful with respect to high-quality high-frequency speaker in re the extra desolate relating to fire-ea:â€¦
40695,3,gloomy weather puts me in the best mood
40696,3,Dad asked if I was too hungover to function today. Little does he know I stayed sober last night so i could get shit faced tonight ðŸ˜…
40697,3,The American Idiot record turns twelve today it changed my preppy middle school heart into a desolate punk rock desert I am forever grateful
40698,3,"tones - \n: 1/2 of my favourite chris pine stans. i love tones more than anything, mt sweet summer child i will attack anyone who hurts her"
40699,3,"Amateurs sit and wait for inspiration, the rest of us just get up and go to work.' -- Stephen King #authors #serious #writingtip"
40700,3,@hotelplanner I stayed at a hotel who  packed picnic lunches to take on the road!! #BetterTogether @Redlizzy1 @NewfieChic @Ladybug_Vic
40701,3,@cburt43 turn that frown upside down
40702,3,"@iJuvia_ \n\nHearing the noises, Akame opened her eyes and sat up, facing Juvia. She didn't expect at all to see someone around and staid --"
40703,3,"@petercoffin So safe blues are ok. Are reds ok as well? Obviously, battleground states would not."
40704,3,"Hello fellow #horror #creepy #dark #stange #story fans, how's your day? #followme and I'll #followback"
40705,3,@DDandDeltaboys will be playing in the Bridge Bar @RameltonWhatsOn this sat (24th Sept) #blues #rhythmandblues #ramelton #donegal
40706,3,"Oh goodness I'm loving this rainy  day. It's a head down, #creative cap on, &amp; get #lost in your #thoughts kind of day ðŸ’­ â˜ºï¸ #art #create #biz"
40707,3,No one wants to win the wild card because you have to play the Cubs on the road. 
40708,3,"#Jazz - the #blues is the roots, the rest is the fruits"
40709,3,Well i did hear once before that girls are attracted to men that look like their dad!  ðŸ‘Œ 
40710,3,"The labor of love is not cheap or inexpensive, it's the time spent earning it. #lackadaisical #dreamer"
40711,3,BLUES with BOB HADDRELL &amp; Guests\nFri 23rd Sep 8:30pm - 11:00pm #blues #free #TunbridgeWells
40712,3,@RashidAlMaktoum For #serious #intermediaries all required info about #project or #Owner will be mailed.
40713,3,"9/30 Howland Cultural Center, #BeaconNy Vickie Raabin &amp; Chris Raabe #blues #soul 8pm  @LocalMotionWVKR @hiddencitiesnyc 845-831-4988"
40714,3,#FF \n\n@The_Family_X \n\n#soul #blues &amp; #rock #band\n\n#music from the #heart\n\nWith soul &amp; #passion \n\nXx ðŸŽ¶ xX
40715,3,Mmmm #coffee and a good #book on a dreary day! Who can beat that?
40716,3,"Sometimes I can't believe I've made it this far.169 days!! I threw out my demons n got #sober #clean, n started #recovery.#Sobriety is #2."
40717,3,"All clouded out.\n\n Considering using a camera, 1) star trails 2) eyepiece projection."
40718,3,"Learning to trust God can quiet a troubled &amp; restless heart, bring peace to a weary soul, &amp; eliminate the hopelessness that #addiction is!"
40719,3,A pessimist sees the difficulty in every opportunity; an optimist sees the opportunity in every difficulty. \nâ€• Winston S. Churchill #quote
40720,3,Alt-J - Hunger of the pine.
40721,3,these grown ass lil boys yeah i can't take them serious.
40722,3,"Be strong &amp; courageous. Do not be terrified or discouraged, for the LORD your God will be with you wherever you go."
40723,3,Let the #MrRobot binge begin. #nerdshow #compelling #dark
40724,3,Anyway I'm in a car with a furious white men and I have a really funny story to tell when I'm sober ðŸ˜‚
40725,3,"#RiceFODays now I am Alex Butler's class on financial management. Starts off with a great, relevant class discussion: movies and sunk costs"
40726,3,"There is no dark side in the moon. In fact, it's all dark.'\nGerry O'Driscoll at the end of 'The Dark side of the Moon'"
40727,3,@BluesfestByron second artist announcement looking good #bluesfest2017  #Music #byronbay
40728,3,now playing yung fav song ni chavs #sober ðŸ˜‚
40729,3,"@BlurtAlerts 'the darkest of nights can be bright, the solemn of faces lights up with a smile'. -@Totemprince believe in me, as I do in you"
40730,3,@kcbbcxo don't get discouraged! it's early on &amp; it can get overwhelming. keep reading &amp; use cue cards ðŸ˜Š it'll get better!!
40731,3,Damn gud #premiere #LethalWeapon...#funny and 
40732,3,I can't mourn Kid Cudi cause we have Travis Scott...
40733,3,"Be joyful in hope, patient in affliction, faithful in prayer. Romans 12:12"
40734,3,Isaiah 40:31\nthose who trust in the Lord will find new strength.\nThey will soar high on wings like eagles.\nThey will run and not grow weary.
40735,3,"@AMB4JC @drtonyevans It's our job, the job of people who r still sane,still ok in life, to help the lost to find themselves &amp; love eachother"
40736,3,Unmatched Party Specialist /co @T3RevNeverEnd #serious #job #titles
40737,3,"Honestly don't give af who wins out of us and pine, I'm just worried about getting drunk Saturday nightðŸ˜‚"
40738,3,I don't think Luca understands how serious I am about Fall....he has no idea what's in store for him ðŸ˜‚ðŸ˜‚
40739,3,I keep feeling the heaviness on my left hand and look down and I am in awe every single time ðŸ˜ðŸ’ #notusedtoit #imafiancÃ©e #wut
40740,3,the rappers who stayed true to the game is rich.
40741,3,@thetroche94 @ramiro_cedeno yeah if you want to become obese it is! ðŸ˜… I can afford it so I don't think it's that serious haha
40742,3,@Hails_Berry8 @sajedhariri23 varsity pine riding
40743,3,The difference between someone's selfies when they're happy vs. unhappy is absolutely amazing.
40744,3,@KatelynKolsrud thanks mucho kateðŸ’• #sober
40745,3,@hyattd335 #Grateful for #novel #award #promo #RT - #Blessings DeWayne Hyatt #Hippie who loves to grind on the #blues #Florida
40746,3,@CrucialBMXShop ohh silver lake came up a lot on there! Is that where you guys stayed?
40747,3,"@Damn_It_Dillon @SamUndomiel of course! This is a happy hentai, not a sad or gloomy one"
40748,3,@VaunWilmott @PrisonBreak @PBWritersRoom linc the sink
40749,3,"@Lesdoggg take me with you!! JK. Have fun, relax, get a massage or two and chill. Don't eat the cucumbers, most places frown on that."
40750,3,We stayed up all night long\nMade our drinks too strong\nFeeling ten feet tall\nRopes swinging into the water\nIn the middle of the night
40751,3,why do i have such a thing for dark curly hAIR
40752,3,Well i did hear once before that girls are attracted to men that look like their dad!  ðŸ‘Œ #serious
40753,3,"A tummy full of steak, wine, key lime pine and cuddles on tap. What a way to turn around a stressful Wednesday ðŸ’›"
40754,3,Free live music in DC tonight!  #blues with #MoonshineSociety at @thehamiltondc in the Loft starting at 10:30pm @FreeinDCBlog @WTOPFreebies
40755,3,@hannah_2401 hannah stop being mournful and chill ðŸ’
40756,3,Guys! Read my #fanfiction if you like #lost and #housemd I have one of each #tvshow -link in bio!
40757,3,@m_giacchino will this be aired on radio or filmed? Lots of fans over the pond too! #wales 
40758,3,Very long day. Thank goodness for Bake Off to brighten up a weary Wednesday â˜º #GBBO
40759,3,"TONIGHT - Fulford Arms, York \nTOMORROW - Bank Top Tavern, Oldham\nNEXT SATURDAY- Big Hands, Manchester \n\n#livemusic #punk #blues #rockandroll"
40760,3,"I'm so proud he understands this, he shows love, thought and compassion    and it's not done in a clouded way.."
40761,3,blues bar
40762,3,"@GOP she's ahead in the polls &amp; after Trumps dismal performance at upcoming debate, it will be an easy win for Hillary."
40763,3,@urbaneprofessor roast them. Then risotto with sage and pine nuts
40764,3,Happiness is always there. You just have to choose to see it. There's no point dwelling in the dark and ignoring the light of the stars.
40765,3,Good morning chirpy #SpringEquinox and your pensive sister #AutumnEquinox A perfect day however it is expressed ðŸŒ¹ðŸðŸŒ“â˜¯ï¸ #theBeautyofBalance
40766,3,also who has amazon prime that would like to help a girl out LOL #serious
40767,3,I added Paul Walker on Xbox but he just spends all of his time on the dashboard.  #humor #funny
40768,3,"Nice to see Balotelli back to his best, good player.. Just lost his way a bit!"
40769,3,@KatieBurnett ha freshers blues would love to re do all again ... ha nice tshirt .. vote for Pedro
40770,3,What do you get when you cross an #apple tree and a #pine tree? ðŸŽðŸŒ²\nNothing. You can't cross-pollinate #deciduous and #coniferous #trees.
40771,3,"Please bear with me, I'm not Twitter savvyðŸ˜ in real life I'm a Facebook person. Help me gain followers ðŸ¤“ #blog #selfhelp "
40772,3,@RiRiMathew even when we're fighting I'm laughing. I probably have serious ingrained issuesðŸ˜‚ðŸ¤—
40773,3,"@SquidWasTaken Pfft- Yeye, i'm a sucker for bright yellow, red, pink, and blues when it comes to coloring or backgrounds haaa"
40774,3,Never a dull moment when talking to Nell ðŸ˜‚ðŸ˜‚ðŸ˜‚ðŸ˜‚ðŸ˜‹
40775,3,Never dull moment here
40776,3,#picoftheday : How...why... Really... !!\n    #funny #picoftheday #lol #random #laugh #chair #of #despair #funnypics  #virgin #cafe #i...
40777,3,@EBled2 Great to have you as our tournament chair and award was #serious
40778,3,@DarbyHogle the red one would look super pretty with a bronzy glowy nude lip makeup look! 3rd black would be pretty with a dark lip! ðŸ˜
40779,3,@PottzGaming hmu need players for lans next year. DM me. Need serious players. Im under org
40780,3,"#FF @ElizaNealsRocks Love &amp; support, always!! Eliza Neals ROCKS!! #blues #music #friends ðŸ˜ŽðŸŽ¸"
40781,3,@VivienLloyd Thank you so much! Just home - stunned but so happy. Don't think it has sunk in yet! Wow.
40782,3,Just put the winter duvet on â˜ƒï¸â„ï¸ðŸŒ¬â˜”ï¸ 
40783,3,@SilkInSide @TommyJoeRatliff that's so pretty! I love the sky in the background and the purple highlights with the dull colors is great
40784,3,@BluesfestByron second artist announcement looking good #bluesfest2017 #blues #Music #byronbay
40785,3,"I can literally eat creamy pesto pasta topped with grilled chicken, sun dried tomatoes, asparagus and pine nuts every single day of my life"
